m,l,a,v,e,p,t,m,d,g,d,f,p,p,h,e,l,p,p,p,g,g,g,i,q,l,q,n,r,l,l,h,c,p,w,w,g,s,f,s,p,s,l,y,p,t,f,s,s,e,n,q,q,f,v,g,s,t,p,f,l,g,g,q,s,c,p,e,t,s,y,p,t,t,a,t,v,p,s,f,f,s,k,s,s,d,f,p,q,d,p,s,c,l,e,d,l,s,n,a,s,v,f,s,s,s,v,d,s,l,s,d,i,p,d,t,p,d,f,l,q,a,d,s,l,n,e,v,p,t,i,w,d,v,s,t,t,s,t,t,h,d,k,l,f,i,p,s,g,p,f,s,a,p,e,d,p,v,t,s,l,s,s,t,p,l,l,i,s,y,q,s,h,s,q,p,e,e,e,e,g,e,e,e,e,e,t,e,e,l,g,h,a,e,t,y,a,d,y,v,p,s,k,s,k,i,g,k,q,h,p,d,r,v,v,e,t,s,t,l,s,s,v,p,p,p,d,i,t,y,t,l,a,l,p,t,s,d,n,s,t,l,s,a,l,q,l,e,a,i,t,y,a,c,q,q,h,e,v,l,l,p,s,g,q,r,a,g,f,l,i,g,d,g,a,g,v,g,k,g,r,t,v,a,g,i,i,v,e,n,y,l,r,g,r,k,k,a,l,w,f,s,a,s,n,d,l,k,y,d,a,e,r,d,l,r,d,i,e,a,p,g,i,a,v,h,a,l,s,k,i,k,y,g,d,n,t,t,s,e,g,v,l,f,a,t,y,s,a,l,i,g,e,s,q,a,g,g,q,h,r,t,r,l,r,q,i,l,q,w,c,g,e,g,f,d,g,v,i,v,f,d,e,c,h,k,a,k,n,a,s,s,t,k,m,g,k,a,v,l,d,l,q,s,k,l,p,q,a,r,v,v,y,a,s,a,t,g,a,s,e,p,r,n,m,i,y,m,s,r,l,g,i,w,g,e,g,t,p,f,r,t,f,e,e,f,l,h,a,i,e,k,r,g,v,g,a,m,e,i,v,a,m,d,m,k,v,s,g,m,y,i,a,r,q,l,s,f,s,g,v,t,f,r,i,e,e,i,p,l,s,p,a,f,q,q,v,y,n,r,a,a,r,l,w,a,e,a,l,s,v,f,q,q,a,a,d,w,i,g,l,e,s,r,k,s,l,w,g,q,f,w,s,a,h,q,r,f,f,k,y,l,c,i,a,a,k,v,h,r,l,v,e,l,a,q,q,e,l,s,r,d,k,c,v,v,i,g,l,q,s,t,g,e,a,r,t,r,e,v,l,d,e,n,e,g,r,l,d,c,f,v,s,a,a,e,g,v,f,l,s,l,i,q,k,h,f,p,s,t,r,r,r,r,d,r,g,g,g,k,r,k,r,r,p,r,g,r,g,p,k,a,s,r,l,s,l,e,a,a,g,v,i,r,i,s,d,g,s,s,t,e,s,d,a,g,l,d,s,d,f,n,s,s,p,e,s,l,v,d,d,d,v,v,i,v,d,a,p,t,h,p,t,d,d,r,g,s,l,y,p,l,q,r,d,l,q,g,p,g,v,v,e,r,v,e,r,l,k,q,g,l,l,a,k,v,r,a,l,g,r,e,l,p,v,n,t,l,d,q,l,i,h,q,l,g,g,p,e,c,v,a,e,m,t,g,r,k,g,r,v,v,s,r,p,d,g,t,v,v,f,e,s,r,a,e,q,g,l,s,i,d,h,v,n,l,r,e,k,q,r,f,m,s,g,e,k,l,v,a,i,i,s,e,a,s,s,s,g,v,s,l,q,a,d,r,r,v,q,n,q,r,r,r,v,h,m,t,l,e,l,p,w,s,a,d,r,a,i,q,q,f,g,r,t,h,r,s,n,q,v,s,a,p,e,y,v,f,l,i,s,e,l,a,g,e,r,r,f,a,s,i,v,a,k,r,l,e,s,l,g,a,l,t,h,g,d,r,r,a,t,e,s,r,d,l,s,k,y,n,f,e,n,k,y,g,a,r,a,l,s,r,v,l,a,t,i,m,g,q,t,d,n,r,v,p,l,p,q,g,y,p,g,g,d,t,a,f,f,r,d,m,k,q,g,l,l,s,v,g,i,g,s,r,e,s,r,s,g,c,l,d,v,e,k,d,c,s,i,t,k,f,l,n,r,i,l,g,l,e,v,h,k,q,n,a,l,f,q,y,f,s,d,t,f,d,h,l,i,e,i,d,k,k,e,g,r,y,d,m,g,i,l,d,l,a,p,g,i,n,e,i,h,e,e,s,q,q,v,f,l,a,p,g,h,p,q,d,g,q,v,v,f,y,k,q,i,s,v,d,r,g,m,k,w,e,e,a,l,t,r,s,l,e,l,k,g,p,y,d,g,f,y,l,s,y,k,v,r,g,s,k,m,s,c,l,l,a,e,q,n,r,g,e,y,f,t,v,y,k,p,n,i,g,r,q,s,q,l,e,t,l,d,s,l,c,r,k,f,h,r,v,t,v,e,e,a,r,e,p,w,e,s,s,y,a,l,s,l,e,h,c,s,h,t,t,w,n,q,r,c,r,l,t,q,e,g,k,c,c,a,q,g,l,r,l,r,h,h,y,m,l,c,g,a,l,l,r,v,w,g,r,i,a,a,v,m,a,d,v,s,s,s,s,y,l,q,i,v,r,l,k,t,k,d,k,k,k,q,v,g,i,k,i,p,e,g,c,v,h,r,v,l,q,e,l,q,l,m,d,a,e,v,k,r,r,s,t,h,g,l,a,a,r,p,p,t,p,r,a,i,t,l,p,c,g,p,g,e,v,l,d,l,t,y,s,p,p,a,e,a,f,p,t,p,p,r,f,a,f,p,s,l,p,p,p,d,p,s,s,l,m,l,g,a,r,d,p,a,t,n,p,v,e,l,a,h,q,s,c,d,i,n,f,r,e,v,l,e,d,m,l,r,s,l,r,a,g,p,t,e,t,p,a,p,l,v,g,v,g,g,g,g,t,e,r,q,s,v,i,h,f,s,p,p,f,p,n,s
,l,s,g,r,a,e,v,p,d,t,q,i,k,f,y,h,n,m,c,w
num,130,126,107,99,96,96,86,83,72,69,66,56,55,54,33,33,29,22,22,15
,m,r,l,q,f,a,s,p,t,v,c,g,n,k,d,i,e,y,w,h
0,0.6882,0.6797,0.6977,0.8011,0.5307,0.7092,0.5585,0.6341,0.6372,0.5615,0.5981,0.7876,0.5678,0.5799,0.6426,0.7153,0.7082,0.6890,0.4907,1.0000
1,0.6348,0.6281,0.6251,0.7884,0.4221,0.4944,0.5316,0.5812,0.5982,0.4119,0.5887,0.7247,0.4105,0.5692,0.6223,0.5689,0.6701,0.5652,0.4846,0.6266
2,0.6304,0.6176,0.5260,0.7701,0.4159,0.4089,0.5207,0.5715,0.5264,0.4001,0.5750,0.7168,0.4092,0.5375,0.5848,0.5375,0.6480,0.5099,0.3441,0.5613
h,q,q,g,q,g,g,i,a,e,l,g,y,m,r,q,e,e,g,d,q,e,t,e,m,p,m,r,e,h,l,d,r,e,r,e,e,r,t,c,c,q,r,d,p,m,k,q,d,c,p,r,k,i,n,q,y,r,c,r,r,v,h,s,r,r,m,c,p,q,i,k,p,e,q,s,e,f,r,m,i,p,r,e,q,t,t,l,r,l,c,i,r,c,s,d,i,i,c,e,e,r,r,c,q,i,r,m,r,r,e,i,e,i,r,r,y,r,p,r,q,i,l,l,i,d,p,q,r,e,s,r,r,r,i,i,k,p,e,t,q,r,p,e,i,t,a,l,c,p,i,d,m,i,r,h,i,l,e,w,s,i,p,e,p,q,q,q,i,h,s,d,c,i,c,i,w,l,i,l,i,q,r,y,q,h,r,e,l,p,e,r,k,r,e,e,q,e,r,e,s,r,r,y,e,q,r,y,p,q,q,y,q,r,i,k,q,i,e,i,p,i,r,q,l,r,q,e,e,q,p,g,y,r,e,r,i,i,i,i,r,h,e,l,e,c,q,e,s,y,r,q,q,i,e,q,q,r,r,k,i,r,q,c,r,i,q,r,k,i,e,y,r,i,e,k,r,p,k,e,q,c,i,y,y,k,e,q,c,d,r,p,i,r,r,e,e,k,i,q,e,e,r,i,d,p,e,r,p,g,r,y,t,i,r,i,r,e,e,e,r,p,e,p,r,r,i,e,i,r,r,r,e,e,y,r,d,q,q,q,e,r,e,y,e,t,r,e,q,t,e,r,k,r,p,d,e,r,p,m,e,g,i,e,y,p,y,e,e,e,q,r,y,e,y,d,t,r,q,r,i,l,p,t,r,e,e,r,y,y,y,i,e,e,d,r,m,k,k,e,i,e,p,e,e,k,t,t,y,e,q,y,r,g,y,h,d,q,c,d,y,y,e,r,r,y,i,l,i,r,r,p,l,r,q,p,r,q,q,k,p,p,d,r,k,i,d,r,g,d,k,r,e,i,e,s,m,s,r,l,i,q,l,q,p,m,q,q,e,i,y,c,r,p,d,p,e,p,e,q,g,g,k,l,d,d,q,l,e,d,q,m,y,e,p,h,e,d,k,q,g,k,r,p,f,r,h,p,e,k,h,q,t,e,k,t,q,p,s,q,p,g,r,p,k,t,p,c,y,p,p,e,l,k,p,t,l,g,r,e,f,k,h,e,d,l,p,k,k,p,t,d,q,p,k,d,r,d,q,l,r,q,k,k,e,k,d,p,v,q,d,i,n,q,m,t,m,p,s,l,s,n,k,d,a,e,l,s,p,d,p,p,t,p,p,s,p,h,s,y,p,g,y,s,l,e,g,e,d,e,t,k,c,p,d,p,s,t,p,g,p,t,l,p,k,t,v,h,p,v,p,e,h,d,g,t,k,l,s,n,l,s,k,h,d,t,k,d,n,t,p,t,k,n,p,g,e,d,f,p,p,h,h,k,l,h,p,p,f,g,t,t,v,f,p,l,d,r,p,d,l,l,l,k,g,t,p,g,d,h,g,l,d,t,c,p,p,h,l,k,k,d,r,t,t,c,v,g,t,l,m,t,t,f,k,d,h,g,g,d,d,d,k,d,g,a,p,e,d,e,p,l,t,d,t,n,v,a,f,t,n,g,p,t,l,l,m,l,k,k,l,m,f,s,l,d,g,l,g,v,l,k,h,t,t,t,t,g,d,l,a,t,k,p,l,t,l,h,m,l,d,h,t,t,l,l,v,d,g,l,s,t,d,d,t,m,t,s,g,g,p,l,t,t,h,l,s,f,g,g,l,s,l,h,g,g,d,t,g,l,s,g,l,l,l,l,t,g,t,g,g,g,f,l,d,g,l,l,s,h,s,k,s,t,m,l,n,l,l,d,l,d,f,t,s,l,m,s,l,l,l,l,n,s,d,f,l,d,g,v,f,l,h,l,d,d,t,t,t,k,d,g,h,g,l,t,t,d,l,s,v,t,p,g,g,d,v,a,k,g,l,l,a,l,a,l,l,l,f,s,f,g,l,a,d,l,s,l,g,a,l,s,l,g,l,a,g,s,l,l,w,g,l,w,h,l,n,g,t,g,g,a,k,l,l,s,w,a,l,l,g,g,n,d,l,t,f,l,v,a,g,g,l,g,g,f,d,n,v,g,g,g,l,l,f,l,d,l,l,l,l,n,g,l,g,p,n,l,f,l,n,w,n,n,l,n,g,g,f,g,s,g,s,g,t,a,l,n,v,h,f,l,g,k,n,l,f,g,v,s,l,s,f,a,l,w,f,n,v,v,a,f,g,l,g,g,g,a,l,f,a,a,a,f,l,f,s,f,g,n,n,s,v,l,l,w,g,w,v,v,l,a,a,g,g,g,s,l,f,a,s,v,n,a,t,h,f,s,f,s,s,g,a,a,a,a,l,a,g,n,n,v,s,f,f,w,f,l,n,v,f,g,l,v,f,a,g,l,v,v,a,s,f,s,s,v,f,s,g,v,f,s,v,v,s,s,f,v,f,f,s,g,g,a,a,s,f,w,a,s,g,g,s,g,s,v,a,f,g,f,v,w,v,s,f,s,v,a,v,f,s,s,g,s,v,f,a,g,v,s,s,s,a,a,a,s,f,n,v,v,g,g,s,d,a,f,s,s,g,f,v,a,s,a,a,v,v,s,v,g,a,s,g,s,a,v,s,s,s,a,v,s,f,l,v,v,s,s,v,s,s,v,v,a,v,s,a,s,v,v,v,s,v,a,a,v,g,a,g,s,a,a,s,v,s,s,s,v,v,s,v,v,a,w,s,a,v,v,v,s,a,s,a,a,s,s,s,s,a,s,s,v,s,a,a,s,s,a,a,a,v,v,a,s,a,a,a,s,v,v,s,v,v,a,s,a,s,a,a,v,a,s,a,s,a,a,w,s,s,a,v,v,a,w,a,s,v,a,s,v,s,v,s,v,s,s,s,a,s,a,a,v,a,v,a,s,a,a,a,a,v,a,s,a,v,a,a,v,v
1.0000,0.8011,0.7884,0.7876,0.7701,0.7247,0.7168,0.7153,0.7092,0.7082,0.6977,0.6971,0.6890,0.6882,0.6797,0.6712,0.6701,0.6480,0.6427,0.6426,0.6421,0.6373,0.6372,0.6368,0.6348,0.6341,0.6304,0.6281,0.6274,0.6266,0.6251,0.6223,0.6176,0.6157,0.6056,0.6052,0.6052,0.6010,0.5982,0.5981,0.5887,0.5883,0.5873,0.5848,0.5812,0.5809,0.5799,0.5761,0.5755,0.5750,0.5715,0.5711,0.5692,0.5689,0.5678,0.5652,0.5652,0.5646,0.5629,0.5626,0.5619,0.5615,0.5613,0.5585,0.5460,0.5426,0.5421,0.5415,0.5388,0.5382,0.5375,0.5375,0.5370,0.5359,0.5321,0.5316,0.5311,0.5307,0.5300,0.5291,0.5286,0.5283,0.5281,0.5278,0.5266,0.5264,0.5260,0.5260,0.5258,0.5249,0.5247,0.5236,0.5226,0.5210,0.5207,0.5200,0.5199,0.5197,0.5195,0.5192,0.5187,0.5178,0.5174,0.5158,0.5152,0.5146,0.5142,0.5131,0.5131,0.5129,0.5128,0.5121,0.5118,0.5106,0.5105,0.5104,0.5099,0.5097,0.5093,0.5077,0.5066,0.5064,0.5063,0.5062,0.5062,0.5054,0.5047,0.5043,0.5038,0.5034,0.5032,0.5029,0.5024,0.5018,0.5006,0.5000,0.4999,0.4990,0.4989,0.4984,0.4979,0.4977,0.4976,0.4966,0.4959,0.4946,0.4944,0.4944,0.4943,0.4934,0.4929,0.4929,0.4922,0.4920,0.4920,0.4918,0.4915,0.4909,0.4908,0.4907,0.4907,0.4905,0.4900,0.4890,0.4886,0.4885,0.4884,0.4884,0.4884,0.4882,0.4879,0.4877,0.4874,0.4869,0.4866,0.4861,0.4846,0.4843,0.4837,0.4832,0.4831,0.4830,0.4824,0.4823,0.4816,0.4814,0.4814,0.4807,0.4805,0.4805,0.4799,0.4796,0.4794,0.4785,0.4783,0.4780,0.4779,0.4776,0.4774,0.4773,0.4772,0.4770,0.4769,0.4768,0.4764,0.4763,0.4761,0.4759,0.4758,0.4757,0.4756,0.4755,0.4747,0.4747,0.4746,0.4746,0.4743,0.4738,0.4737,0.4734,0.4731,0.4728,0.4725,0.4720,0.4720,0.4719,0.4719,0.4719,0.4718,0.4715,0.4713,0.4713,0.4711,0.4707,0.4703,0.4699,0.4699,0.4697,0.4695,0.4692,0.4692,0.4692,0.4690,0.4686,0.4685,0.4685,0.4683,0.4681,0.4679,0.4677,0.4671,0.4665,0.4661,0.4646,0.4640,0.4633,0.4633,0.4631,0.4627,0.4626,0.4625,0.4622,0.4619,0.4618,0.4617,0.4617,0.4616,0.4615,0.4614,0.4612,0.4612,0.4611,0.4610,0.4606,0.4604,0.4603,0.4599,0.4598,0.4596,0.4594,0.4594,0.4594,0.4593,0.4591,0.4589,0.4589,0.4588,0.4586,0.4585,0.4585,0.4582,0.4581,0.4581,0.4579,0.4578,0.4577,0.4577,0.4574,0.4574,0.4572,0.4572,0.4569,0.4569,0.4568,0.4565,0.4564,0.4564,0.4563,0.4562,0.4561,0.4558,0.4556,0.4551,0.4545,0.4545,0.4545,0.4544,0.4544,0.4541,0.4540,0.4536,0.4536,0.4534,0.4534,0.4533,0.4533,0.4532,0.4528,0.4526,0.4523,0.4521,0.4519,0.4519,0.4519,0.4517,0.4516,0.4516,0.4516,0.4515,0.4514,0.4513,0.4513,0.4511,0.4506,0.4505,0.4503,0.4501,0.4497,0.4496,0.4496,0.4492,0.4492,0.4489,0.4489,0.4486,0.4484,0.4483,0.4477,0.4474,0.4474,0.4472,0.4470,0.4469,0.4468,0.4467,0.4465,0.4464,0.4464,0.4460,0.4459,0.4459,0.4452,0.4451,0.4449,0.4446,0.4444,0.4444,0.4441,0.4441,0.4439,0.4433,0.4433,0.4426,0.4424,0.4424,0.4423,0.4422,0.4421,0.4421,0.4418,0.4417,0.4417,0.4414,0.4413,0.4412,0.4410,0.4406,0.4403,0.4403,0.4401,0.4398,0.4398,0.4395,0.4395,0.4395,0.4394,0.4392,0.4391,0.4388,0.4388,0.4386,0.4386,0.4385,0.4383,0.4382,0.4376,0.4374,0.4372,0.4370,0.4369,0.4368,0.4367,0.4365,0.4365,0.4363,0.4363,0.4361,0.4360,0.4359,0.4359,0.4356,0.4354,0.4349,0.4349,0.4349,0.4347,0.4338,0.4337,0.4337,0.4329,0.4326,0.4322,0.4322,0.4317,0.4317,0.4315,0.4313,0.4311,0.4309,0.4309,0.4306,0.4301,0.4299,0.4298,0.4296,0.4293,0.4292,0.4292,0.4292,0.4290,0.4288,0.4284,0.4283,0.4282,0.4278,0.4277,0.4275,0.4275,0.4275,0.4271,0.4271,0.4271,0.4269,0.4268,0.4267,0.4266,0.4265,0.4263,0.4261,0.4261,0.4259,0.4258,0.4258,0.4257,0.4257,0.4254,0.4252,0.4252,0.4252,0.4248,0.4246,0.4242,0.4241,0.4241,0.4239,0.4236,0.4233,0.4233,0.4232,0.4230,0.4229,0.4228,0.4228,0.4222,0.4221,0.4218,0.4216,0.4213,0.4210,0.4209,0.4208,0.4202,0.4199,0.4197,0.4196,0.4193,0.4192,0.4190,0.4190,0.4189,0.4189,0.4188,0.4187,0.4186,0.4183,0.4183,0.4182,0.4181,0.4181,0.4180,0.4180,0.4178,0.4172,0.4170,0.4169,0.4168,0.4168,0.4168,0.4162,0.4161,0.4159,0.4159,0.4154,0.4150,0.4149,0.4148,0.4147,0.4147,0.4147,0.4145,0.4144,0.4144,0.4144,0.4140,0.4139,0.4139,0.4135,0.4128,0.4127,0.4127,0.4126,0.4126,0.4125,0.4121,0.4121,0.4121,0.4120,0.4120,0.4119,0.4116,0.4115,0.4106,0.4105,0.4104,0.4104,0.4103,0.4103,0.4101,0.4094,0.4094,0.4093,0.4092,0.4091,0.4090,0.4089,0.4088,0.4080,0.4079,0.4079,0.4074,0.4071,0.4071,0.4069,0.4066,0.4054,0.4054,0.4053,0.4048,0.4044,0.4043,0.4043,0.4042,0.4042,0.4037,0.4036,0.4035,0.4034,0.4034,0.4030,0.4029,0.4027,0.4026,0.4025,0.4023,0.4022,0.4017,0.4014,0.4014,0.4011,0.4010,0.4010,0.4007,0.4006,0.4006,0.4004,0.4002,0.4001,0.4000,0.3999,0.3997,0.3996,0.3992,0.3991,0.3989,0.3984,0.3983,0.3982,0.3979,0.3978,0.3970,0.3970,0.3967,0.3965,0.3965,0.3962,0.3960,0.3959,0.3956,0.3953,0.3952,0.3952,0.3948,0.3947,0.3947,0.3943,0.3943,0.3943,0.3941,0.3939,0.3933,0.3929,0.3916,0.3915,0.3913,0.3912,0.3910,0.3910,0.3907,0.3905,0.3905,0.3899,0.3898,0.3898,0.3895,0.3894,0.3893,0.3891,0.3888,0.3886,0.3884,0.3884,0.3878,0.3878,0.3877,0.3877,0.3875,0.3874,0.3872,0.3870,0.3868,0.3865,0.3864,0.3861,0.3860,0.3859,0.3857,0.3855,0.3855,0.3853,0.3852,0.3848,0.3846,0.3845,0.3844,0.3843,0.3842,0.3841,0.3839,0.3839,0.3838,0.3836,0.3833,0.3831,0.3827,0.3824,0.3822,0.3820,0.3820,0.3816,0.3812,0.3811,0.3810,0.3810,0.3808,0.3808,0.3806,0.3805,0.3803,0.3801,0.3795,0.3794,0.3794,0.3791,0.3790,0.3786,0.3785,0.3784,0.3784,0.3779,0.3779,0.3778,0.3775,0.3769,0.3762,0.3760,0.3758,0.3757,0.3756,0.3755,0.3754,0.3753,0.3753,0.3753,0.3747,0.3746,0.3745,0.3744,0.3742,0.3741,0.3738,0.3736,0.3735,0.3735,0.3734,0.3733,0.3731,0.3729,0.3725,0.3725,0.3724,0.3723,0.3722,0.3721,0.3720,0.3715,0.3714,0.3714,0.3714,0.3709,0.3708,0.3705,0.3703,0.3700,0.3698,0.3698,0.3696,0.3696,0.3692,0.3689,0.3685,0.3685,0.3684,0.3682,0.3681,0.3681,0.3680,0.3679,0.3678,0.3677,0.3676,0.3676,0.3675,0.3674,0.3672,0.3669,0.3669,0.3666,0.3665,0.3664,0.3660,0.3659,0.3657,0.3657,0.3657,0.3653,0.3652,0.3651,0.3649,0.3645,0.3642,0.3641,0.3641,0.3636,0.3635,0.3634,0.3634,0.3633,0.3631,0.3630,0.3629,0.3627,0.3626,0.3626,0.3625,0.3625,0.3623,0.3618,0.3617,0.3617,0.3615,0.3614,0.3613,0.3611,0.3609,0.3607,0.3605,0.3605,0.3601,0.3596,0.3596,0.3591,0.3591,0.3591,0.3590,0.3590,0.3588,0.3588,0.3586,0.3575,0.3574,0.3572,0.3571,0.3570,0.3566,0.3562,0.3561,0.3561,0.3561,0.3561,0.3560,0.3558,0.3556,0.3556,0.3551,0.3551,0.3547,0.3545,0.3537,0.3536,0.3536,0.3531,0.3531,0.3528,0.3526,0.3526,0.3524,0.3524,0.3523,0.3522,0.3520,0.3518,0.3518,0.3517,0.3513,0.3508,0.3506,0.3500,0.3500,0.3499,0.3499,0.3499,0.3495,0.3495,0.3490,0.3489,0.3482,0.3480,0.3479,0.3479,0.3478,0.3476,0.3468,0.3466,0.3465,0.3464,0.3463,0.3463,0.3461,0.3461,0.3459,0.3458,0.3457,0.3457,0.3452,0.3452,0.3450,0.3449,0.3446,0.3443,0.3442,0.3441,0.3441,0.3435,0.3434,0.3431,0.3429,0.3429,0.3428,0.3422,0.3421,0.3419,0.3416,0.3414,0.3414,0.3414,0.3411,0.3411,0.3411,0.3410,0.3410,0.3409,0.3408,0.3408,0.3408,0.3407,0.3402,0.3402,0.3398,0.3396,0.3396,0.3394,0.3390,0.3386,0.3386,0.3386,0.3386,0.3383,0.3383,0.3381,0.3379,0.3379,0.3378,0.3375,0.3375,0.3374,0.3373,0.3370,0.3369,0.3366,0.3366,0.3364,0.3361,0.3359,0.3358,0.3357,0.3350,0.3348,0.3348,0.3348,0.3347,0.3346,0.3344,0.3342,0.3340,0.3339,0.3339,0.3338,0.3338,0.3337,0.3336,0.3336,0.3333,0.3333,0.3332,0.3330,0.3327,0.3326,0.3326,0.3324,0.3322,0.3320,0.3320,0.3317,0.3317,0.3315,0.3312,0.3310,0.3309,0.3309,0.3308,0.3306,0.3306,0.3305,0.3301,0.3301,0.3299,0.3296,0.3292,0.3289,0.3283,0.3280,0.3280,0.3277,0.3275,0.3272,0.3269,0.3268,0.3265,0.3264,0.3264,0.3263,0.3262,0.3261,0.3260,0.3260,0.3258,0.3257,0.3257,0.3254,0.3251,0.3249,0.3246,0.3244,0.3244,0.3242,0.3237,0.3230,0.3227,0.3223,0.3223,0.3222,0.3222,0.3221,0.3221,0.3216,0.3215,0.3212,0.3211,0.3211,0.3206,0.3205,0.3201,0.3201,0.3196,0.3195,0.3194,0.3194,0.3194,0.3189,0.3188,0.3188,0.3187,0.3185,0.3180,0.3178,0.3177,0.3177,0.3173,0.3170,0.3169,0.3166,0.3166,0.3166,0.3164,0.3161,0.3158,0.3158,0.3157,0.3154,0.3151,0.3151,0.3151,0.3151,0.3148,0.3148,0.3146,0.3146,0.3145,0.3143,0.3142,0.3139,0.3133,0.3130,0.3130,0.3127,0.3123,0.3123,0.3121,0.3116,0.3116,0.3114,0.3114,0.3110,0.3110,0.3109,0.3106,0.3102,0.3099,0.3098,0.3095,0.3092,0.3091,0.3089,0.3087,0.3083,0.3080,0.3077,0.3077,0.3072,0.3072,0.3067,0.3062,0.3059,0.3058,0.3058,0.3058,0.3057,0.3050,0.3050,0.3050,0.3048,0.3048,0.3047,0.3047,0.3046,0.3042,0.3041,0.3041,0.3041,0.3040,0.3037,0.3037,0.3037,0.3035,0.3034,0.3032,0.3031,0.3026,0.3024,0.3024,0.3022,0.3021,0.3021,0.3019,0.3011,0.3010,0.3009,0.3008,0.3005,0.3004,0.3003,0.3001,0.2997,0.2995,0.2990,0.2986,0.2986,0.2986,0.2985,0.2985,0.2984,0.2982,0.2980,0.2980,0.2978,0.2976,0.2970,0.2960,0.2956,0.2952,0.2949,0.2949,0.2948,0.2948,0.2947,0.2947,0.2946,0.2943,0.2942,0.2938,0.2937,0.2936,0.2933,0.2928,0.2920,0.2918,0.2916,0.2916,0.2914,0.2913,0.2911,0.2911,0.2909,0.2903,0.2895,0.2893,0.2890,0.2882,0.2880,0.2879,0.2877,0.2872,0.2871,0.2871,0.2868,0.2868,0.2862,0.2857,0.2854,0.2853,0.2853,0.2851,0.2850,0.2849,0.2846,0.2843,0.2838,0.2837,0.2836,0.2834,0.2828,0.2821,0.2820,0.2820,0.2820,0.2817,0.2817,0.2816,0.2812,0.2811,0.2807,0.2807,0.2803,0.2798,0.2797,0.2794,0.2791,0.2789,0.2787,0.2785,0.2785,0.2768,0.2768,0.2766,0.2765,0.2762,0.2758,0.2757,0.2753,0.2752,0.2752,0.2751,0.2751,0.2749,0.2749,0.2746,0.2746,0.2745,0.2745,0.2744,0.2744,0.2740,0.2740,0.2737,0.2735,0.2728,0.2727,0.2724,0.2723,0.2716,0.2704,0.2699,0.2690,0.2690,0.2673,0.2671,0.2663,0.2662,0.2657,0.2656,0.2655,0.2653,0.2633,0.2628,0.2625,0.2624,0.2603,0.2602,0.2588,0.2588,0.2586,0.2585,0.2581,0.2570,0.2562,0.2557,0.2544,0.2536,0.2524,0.2515,0.2509,0.2503,0.2490,0.2477,0.2458,0.2452,0.2448,0.2432,0.2422,0.2402,0.2397,0.2397,0.2342,0.2316,0.2226,0.2174,0.2094,0.1948,0.1846
m,a,a,l,g,v,a,e,a,v,a,a,p,h,p,a,e,g,a,e,t,a,e,a,v,e,l,s,r,a,l,s,r,l,l,p,g,l,e,a,d,s,k,p,g,r,r,r,a,l,e,a,l,r,r,a,l,e,e,p,g,p,a,a,d,p,t,a,f,q,g,p,w,a,r,l,l,l,p,r,l,l,r,c,l,s,d,p,a,e,g,c,r,a,l,a,v,h,l,l,d,l,g,l,r,r,a,a,r,p,r,d,a,l,p,r,l,l,p,a,l,a,a,r,l,a,g,p,v,p,a,r,r,p,p,e,a,c,e,e,l,r,l,a,l,v,q,l,l,g,l,a,v,d,l,c,g,a,a,l,a,p,h,l,d,d,a,l,r,a,l,r,c,s,l,l,d,p,f,a,a,v,r,r,e,s,c,s,c,a,a,a,l,a,q,a,t,p,d,h,f,h,m,q,s,e,s,l,i,g,p,l,m,q,t,i,s,h,q,h,w,k,v,r,v,a,a,i,e,a,t,g,a,v,i,h,f,g,n,g,k,s,v,d,d,v,l,s,h,f,a,q,r,l,f,d,d,v,p,q,v,r,r,a,v,a,s,v,v,g,g,w,l,l,c,l,r,d,r,y,s,f,f,h,k,l,i,p,l,l,l,s,s,l,n,d,e,v,p,e,v,r,q,l,a,a,s,l,w,e,d,v,g,l,q,w,q,k,e,n,e,e,d,l,k,d,k,l,d,f,a,p,p,t,p,p,h,y,p,p,h,e,r,r,p,v,l,g,c,r,e,l,v,f,r,n,l,s,k,i,l,p,a,l,c,h,d,i,t,d,w,v,v,g,t,r,v,k,s,a,q,l,l,p,v,l,l,l,h,a,e,d,h,a,t,q,h,l,e,v,v,l,r,t,l,f,q,a,c,t,d,e,e,a,a,v,v,q,s,c,t,r,s,a,e,l,v,g,t,f,v,s,p,e,v,f,l,k,l,i,l,s,t,l,k,k,t,p,s,a,s,g,l,l,v,l,a,s,a,m,r,g,c,p,r,e,a,l,q,p,h,l,a,a,i,a,t,e,l,a,q,a,h,i,c,q,a,s,e,n,d,l,y,l,e,r,l,l,l,c,v,q,a,l,v,s,v,c,h,e,d,c,g,v,a,s,l,q,l,l,d,v,l,l,t,i,v,a,l,a,g,a,t,g,l,r,d,k,a,q,e,t,m,d,s,l,a,m,v,e,g,v,s,s,c,q,d,l,y,r,k,h,i,g,p,l,l,e,r,v,t,a,s,h,l,d,w,t,a,h,s,p,e,l,l,q,f,s,v,i,v,a,q,s,g,p,a,l,g,e,a,l,p,h,v,v,p,t,l,r,a,c,l,q,p,s,q,d,p,q,m,r,l,k,l,f,s,i,l,s,t,v,l,l,r,a,t,d,t,i,n,s,q,g,q,f,p,s,y,l,e,t,v,t,k,d,i,l,a,p,n,l,q,w,h,a,g,r,t,a,a,a,i,r,t,a,a,v,s,c,l,w,a,l,t,s,s,e,v,l,s,a,e,q,i,r,d,v,q,e,t,l,m,p,q,v,l,t,t,l,e,e,d,s,k,m,t,r,l,i,s,c,r,i,i,n,t,f,l,k,t,s,g,g,m,t,d,p,e,k,l,i,r,i,y,p,e,l,l,k,r,l,d,d,v,s,n,d,v,r,m,a,a,a,s,t,l,v,t,w,l,q,c,v,k,g,a,n,a,k,s,y,y,q,s,s,v,q,y,l,y,r,e,l,l,v,h,l,d,d,p,e,r,a,i,q,d,a,i,l,e,v,l,k,e,g,s,g,l,f,p,d,l,l,v,r,e,t,e,a,v,i,h,k,h,r,s,a,t,y,c,e,q,l,l,q,h,v,q,a,v,p,a,t,q
,l,a,v,r,s,e,p,d,t,q,g,h,i,k,c,f,m,y,n,w
num,137,107,65,59,55,55,52,44,42,41,37,28,26,24,23,18,11,11,10,10
,m,r,l,q,f,a,s,p,t,v,c,g,n,k,d,i,e,y,w,h
0,0.6954,0.8249,0.8910,0.8062,0.5754,0.8497,0.5398,0.7481,0.6636,0.5303,0.7848,1.0000,0.3847,0.5624,0.7769,0.5560,0.9136,0.5667,0.5643,0.8803
1,0.6894,0.7864,0.7726,0.7559,0.5553,0.8123,0.5195,0.7373,0.6074,0.5195,0.7393,0.8995,0.3558,0.5488,0.6829,0.5514,0.8997,0.4889,0.3271,0.6805
2,0.5951,0.7746,0.6639,0.7532,0.4521,0.8058,0.5112,0.7329,0.5662,0.4914,0.6760,0.7055,0.3493,0.5272,0.6424,0.5412,0.8798,0.4689,0.3194,0.6106
g,e,e,g,l,h,e,a,r,a,q,a,a,a,e,a,r,c,e,d,r,l,r,q,q,r,p,r,e,r,c,p,p,r,p,e,p,a,r,g,a,m,a,m,a,d,h,e,c,p,q,c,e,p,l,t,e,q,e,r,a,d,d,g,p,r,a,r,l,l,r,d,p,e,p,h,r,t,r,r,p,g,q,r,r,a,l,m,r,l,l,d,a,l,a,a,r,e,r,p,r,a,r,h,f,c,d,m,e,q,c,l,l,y,t,r,r,a,w,c,l,k,t,l,l,c,l,l,p,d,i,f,a,i,d,k,a,d,c,h,p,q,l,e,a,r,l,c,a,i,c,s,i,a,c,r,i,d,a,v,q,r,p,k,q,e,i,e,r,h,l,p,a,p,q,s,v,e,k,q,k,h,l,c,r,l,e,q,q,r,r,q,e,s,q,e,p,a,g,l,e,l,i,a,r,p,p,d,e,i,d,e,l,p,l,e,q,c,l,d,i,l,r,l,d,e,a,p,v,t,c,l,y,d,i,i,h,a,r,i,v,c,v,p,l,a,i,l,r,p,s,e,i,i,q,p,q,h,l,r,e,c,m,r,a,y,i,i,r,q,d,r,r,d,i,q,a,v,i,i,q,e,a,r,q,l,c,l,e,e,i,e,i,r,d,a,r,r,l,a,i,l,f,r,f,y,e,i,d,e,y,e,r,s,q,q,y,r,q,g,l,r,k,t,i,a,s,c,r,d,l,q,q,e,q,k,r,e,l,q,y,p,k,p,r,e,e,l,q,q,r,p,y,h,q,e,s,p,q,k,a,e,l,k,d,r,e,q,q,k,i,h,k,r,r,e,e,g,e,r,l,r,y,g,d,h,e,d,p,p,p,d,s,e,p,a,d,q,g,d,e,l,a,k,m,l,v,k,t,k,q,p,e,m,y,m,c,l,k,y,e,t,e,p,a,l,p,e,s,p,k,p,l,l,a,l,p,l,c,d,a,q,s,t,g,k,h,a,k,e,r,d,q,p,p,p,p,l,e,t,l,q,e,p,n,a,l,g,k,d,l,d,h,f,p,d,l,p,l,l,c,d,d,t,m,k,m,h,l,d,t,a,l,k,d,p,l,p,d,a,f,l,t,l,p,k,a,g,t,t,s,a,l,t,d,l,l,h,l,h,m,t,a,l,l,n,l,t,k,h,g,l,h,t,l,l,t,l,t,p,l,n,l,l,d,l,l,l,s,h,l,l,l,l,d,n,l,t,l,l,t,s,l,t,h,p,g,n,g,l,t,l,t,d,l,l,n,l,v,l,t,f,v,l,l,l,l,h,l,g,s,l,l,c,g,a,t,l,t,d,l,g,t,p,l,t,t,n,l,t,h,l,l,t,l,l,v,w,l,l,h,l,l,l,l,d,l,l,l,t,l,t,l,s,w,l,l,t,w,a,g,g,l,l,t,v,h,l,v,g,g,l,g,f,n,a,v,v,l,g,l,h,a,l,f,v,t,s,w,s,t,f,a,l,v,s,l,f,t,g,a,l,a,l,l,f,d,g,g,v,g,s,a,a,g,g,s,n,s,a,a,g,n,s,v,s,a,h,g,v,w,v,g,v,v,a,v,s,w,f,a,f,v,l,s,t,a,v,w,v,v,f,v,g,v,v,v,v,a,g,s,s,g,s,l,v,v,a,s,a,l,a,s,v,a,h,v,v,s,a,l,w,s,v,v,a,a,v,v,f,v,s,w,v,f,s,v,s,a,s,v,s,v,s,v,s,f,v,v,a,s,s,a,a,a,v,v,a,a,a,s,a,v,v,s,v,s,v,a,s,a,s,v,s,a,a,v,a,a,v,v,s,v,v,a,a,s,v,v,a,s,a,s,v,a,a,s,a,a,s,s,a,s,v,a,a,a,a,a,a,a,a,a,a,a
1.0000,0.9136,0.8997,0.8995,0.8910,0.8803,0.8798,0.8497,0.8249,0.8123,0.8062,0.8058,0.7982,0.7905,0.7880,0.7870,0.7864,0.7848,0.7772,0.7769,0.7746,0.7726,0.7583,0.7559,0.7532,0.7501,0.7481,0.7479,0.7422,0.7418,0.7393,0.7373,0.7329,0.7301,0.7184,0.7138,0.7118,0.7099,0.7087,0.7055,0.7029,0.6954,0.6898,0.6894,0.6863,0.6829,0.6805,0.6784,0.6760,0.6759,0.6750,0.6733,0.6730,0.6718,0.6639,0.6636,0.6564,0.6529,0.6477,0.6455,0.6450,0.6424,0.6363,0.6344,0.6336,0.6322,0.6321,0.6311,0.6303,0.6300,0.6297,0.6289,0.6270,0.6201,0.6115,0.6106,0.6084,0.6074,0.6057,0.6036,0.6014,0.5998,0.5972,0.5967,0.5967,0.5962,0.5960,0.5951,0.5945,0.5912,0.5907,0.5901,0.5891,0.5885,0.5877,0.5838,0.5813,0.5807,0.5800,0.5795,0.5793,0.5792,0.5758,0.5755,0.5754,0.5738,0.5733,0.5731,0.5715,0.5711,0.5700,0.5695,0.5669,0.5667,0.5662,0.5660,0.5648,0.5647,0.5643,0.5635,0.5628,0.5624,0.5610,0.5608,0.5607,0.5600,0.5592,0.5590,0.5588,0.5575,0.5560,0.5553,0.5517,0.5514,0.5489,0.5488,0.5483,0.5481,0.5477,0.5477,0.5470,0.5465,0.5464,0.5460,0.5455,0.5435,0.5430,0.5424,0.5414,0.5412,0.5407,0.5398,0.5363,0.5357,0.5347,0.5332,0.5332,0.5331,0.5327,0.5303,0.5298,0.5288,0.5280,0.5272,0.5268,0.5266,0.5260,0.5257,0.5252,0.5235,0.5233,0.5230,0.5217,0.5210,0.5206,0.5195,0.5195,0.5193,0.5186,0.5185,0.5180,0.5179,0.5169,0.5163,0.5160,0.5159,0.5150,0.5144,0.5142,0.5142,0.5128,0.5123,0.5120,0.5112,0.5112,0.5110,0.5094,0.5092,0.5089,0.5088,0.5087,0.5084,0.5079,0.5073,0.5053,0.5045,0.5044,0.5044,0.5043,0.5042,0.5038,0.5037,0.5026,0.5010,0.5009,0.4986,0.4980,0.4979,0.4963,0.4961,0.4940,0.4938,0.4931,0.4930,0.4923,0.4918,0.4915,0.4914,0.4914,0.4907,0.4901,0.4892,0.4889,0.4880,0.4876,0.4868,0.4867,0.4867,0.4858,0.4851,0.4849,0.4828,0.4822,0.4821,0.4815,0.4814,0.4811,0.4810,0.4810,0.4801,0.4785,0.4784,0.4777,0.4772,0.4763,0.4756,0.4750,0.4750,0.4745,0.4739,0.4730,0.4714,0.4714,0.4712,0.4706,0.4689,0.4682,0.4681,0.4679,0.4678,0.4678,0.4676,0.4673,0.4672,0.4670,0.4662,0.4652,0.4642,0.4637,0.4637,0.4634,0.4626,0.4624,0.4623,0.4623,0.4621,0.4612,0.4612,0.4608,0.4605,0.4603,0.4601,0.4594,0.4590,0.4575,0.4566,0.4560,0.4550,0.4550,0.4541,0.4540,0.4526,0.4521,0.4519,0.4518,0.4515,0.4511,0.4505,0.4496,0.4489,0.4487,0.4484,0.4480,0.4477,0.4475,0.4475,0.4475,0.4473,0.4461,0.4460,0.4456,0.4453,0.4448,0.4442,0.4436,0.4432,0.4431,0.4430,0.4430,0.4426,0.4420,0.4413,0.4404,0.4402,0.4393,0.4392,0.4384,0.4369,0.4366,0.4348,0.4347,0.4346,0.4346,0.4343,0.4343,0.4338,0.4337,0.4327,0.4320,0.4305,0.4301,0.4301,0.4296,0.4296,0.4295,0.4291,0.4285,0.4279,0.4275,0.4272,0.4272,0.4265,0.4264,0.4260,0.4252,0.4238,0.4233,0.4230,0.4228,0.4223,0.4220,0.4219,0.4215,0.4202,0.4201,0.4196,0.4196,0.4191,0.4187,0.4185,0.4185,0.4173,0.4171,0.4171,0.4163,0.4162,0.4154,0.4146,0.4144,0.4143,0.4137,0.4133,0.4131,0.4130,0.4130,0.4127,0.4119,0.4117,0.4117,0.4117,0.4116,0.4114,0.4112,0.4107,0.4105,0.4101,0.4097,0.4097,0.4089,0.4079,0.4076,0.4076,0.4074,0.4071,0.4069,0.4062,0.4056,0.4048,0.4048,0.4046,0.4041,0.4041,0.4039,0.4036,0.4028,0.4011,0.4005,0.4002,0.4000,0.4000,0.3995,0.3993,0.3992,0.3988,0.3988,0.3982,0.3979,0.3975,0.3972,0.3965,0.3962,0.3962,0.3958,0.3957,0.3954,0.3951,0.3950,0.3943,0.3926,0.3921,0.3919,0.3915,0.3908,0.3907,0.3906,0.3884,0.3875,0.3872,0.3869,0.3868,0.3868,0.3857,0.3855,0.3848,0.3847,0.3845,0.3841,0.3832,0.3822,0.3821,0.3816,0.3812,0.3808,0.3800,0.3798,0.3794,0.3790,0.3784,0.3781,0.3773,0.3768,0.3766,0.3753,0.3750,0.3750,0.3745,0.3740,0.3740,0.3738,0.3729,0.3718,0.3717,0.3714,0.3712,0.3687,0.3675,0.3674,0.3667,0.3665,0.3664,0.3663,0.3661,0.3661,0.3659,0.3656,0.3656,0.3649,0.3649,0.3639,0.3637,0.3637,0.3628,0.3628,0.3617,0.3614,0.3613,0.3608,0.3608,0.3606,0.3606,0.3589,0.3586,0.3580,0.3579,0.3578,0.3558,0.3558,0.3556,0.3551,0.3551,0.3547,0.3546,0.3538,0.3531,0.3530,0.3525,0.3525,0.3514,0.3506,0.3506,0.3493,0.3493,0.3488,0.3487,0.3483,0.3482,0.3478,0.3476,0.3475,0.3474,0.3471,0.3468,0.3467,0.3466,0.3462,0.3461,0.3455,0.3450,0.3445,0.3444,0.3441,0.3434,0.3434,0.3433,0.3430,0.3429,0.3423,0.3422,0.3422,0.3417,0.3416,0.3412,0.3409,0.3408,0.3406,0.3405,0.3404,0.3404,0.3402,0.3398,0.3386,0.3382,0.3382,0.3375,0.3375,0.3365,0.3365,0.3355,0.3335,0.3327,0.3323,0.3321,0.3317,0.3316,0.3315,0.3314,0.3313,0.3311,0.3310,0.3308,0.3304,0.3299,0.3296,0.3290,0.3289,0.3288,0.3288,0.3284,0.3283,0.3283,0.3282,0.3281,0.3279,0.3276,0.3275,0.3274,0.3274,0.3271,0.3264,0.3255,0.3255,0.3255,0.3249,0.3239,0.3235,0.3232,0.3231,0.3229,0.3225,0.3224,0.3211,0.3207,0.3205,0.3201,0.3194,0.3193,0.3177,0.3176,0.3172,0.3166,0.3151,0.3149,0.3147,0.3147,0.3142,0.3142,0.3133,0.3132,0.3123,0.3115,0.3109,0.3100,0.3097,0.3096,0.3096,0.3093,0.3083,0.3082,0.3079,0.3074,0.3070,0.3068,0.3041,0.3021,0.3020,0.3019,0.3018,0.3017,0.3007,0.3000,0.2999,0.2998,0.2997,0.2993,0.2993,0.2987,0.2987,0.2984,0.2977,0.2971,0.2959,0.2956,0.2954,0.2947,0.2941,0.2939,0.2933,0.2930,0.2925,0.2923,0.2921,0.2919,0.2919,0.2918,0.2917,0.2914,0.2907,0.2901,0.2896,0.2895,0.2892,0.2885,0.2881,0.2879,0.2876,0.2874,0.2866,0.2861,0.2860,0.2854,0.2850,0.2841,0.2840,0.2834,0.2832,0.2831,0.2819,0.2810,0.2807,0.2802,0.2799,0.2799,0.2795,0.2792,0.2790,0.2790,0.2789,0.2784,0.2771,0.2766,0.2765,0.2763,0.2760,0.2754,0.2754,0.2738,0.2731,0.2730,0.2729,0.2727,0.2725,0.2723,0.2723,0.2719,0.2718,0.2692,0.2689,0.2687,0.2683,0.2682,0.2679,0.2678,0.2671,0.2668,0.2667,0.2667,0.2664,0.2660,0.2658,0.2655,0.2648,0.2646,0.2645,0.2636,0.2636,0.2631,0.2630,0.2630,0.2628,0.2612,0.2600,0.2595,0.2585,0.2584,0.2580,0.2576,0.2574,0.2573,0.2563,0.2558,0.2557,0.2550,0.2549,0.2546,0.2543,0.2541,0.2538,0.2538,0.2533,0.2504,0.2502,0.2502,0.2481,0.2481,0.2476,0.2473,0.2473,0.2469,0.2465,0.2461,0.2457,0.2442,0.2440,0.2421,0.2418,0.2408,0.2408,0.2391,0.2390,0.2384,0.2375,0.2372,0.2367,0.2360,0.2358,0.2357,0.2347,0.2340,0.2338,0.2330,0.2328,0.2319,0.2291,0.2282,0.2274,0.2264,0.2258,0.2247,0.2218,0.2214,0.2207,0.2204,0.2200,0.2197,0.2196,0.2191,0.2176,0.2143,0.2142,0.2137,0.2101,0.2094,0.2074,0.2064,0.2058,0.2036,0.2001,0.1917,0.1868,0.1864,0.1817,0.1804,0.1791,0.1784,0.1747
m,s,f,v,a,g,v,i,r,r,l,d,e,t,v,v,n,r,i,a,a,g,e,v,i,q,r,p,a,n,a,i,k,e,m,i,e,n,c,l,d,a,k,s,t,s,i,q,v,i,v,k,e,g,g,l,k,l,i,q,i,q,d,n,g,t,g,i,r,k,e,d,l,d,i,v,c,e,r,f,t,t,s,k,l,q,s,f,e,d,l,a,s,i,s,t,y,g,f,r,g,e,a,l,a,s,i,s,h,v,a,h,v,t,i,t,t,k,t,a,d,g,k,c,a,y,r,a,s,y,s,d,g,k,l,k,a,p,p,k,p,c,a,g,n,q,g,t,q,i,t,v,e,d,l,f,y,n,i,a,t,r,r,k,a,l,k,n,p,s,e,e,y,g,k,i,l,e,v,v,g,r,y,s,v,h,n,a,g,i,s,f,s,v,k,k,q,g,e,t,v,a,d,v,r,t,l,p,n,a,s,t,v,d,n,i,r,s,i,f,g,n,a,v,s,r,e,l,i,e,i,g,c,e,d,k,t,l,a,f,k,m,n,g,y,i,s,n,a,n,y,s,v,k,k,c,i,f,l,l,f,i,n,h,r,l,v,e,s,t,s,l,r,k,a,i,e,t,v,y,a,a,y,l,p,k,n,t,h,p,f,l,y,l,s,l,e,i,s,p,q,n,v,d,v,n,v,h,p,t,k,h,e,v,h,f,l,h,e,e,s,i,l,e,r,v,q,q,h,i,e,s,k,l,l,g,s,n,s,s,r,m,y,f,t,q,t,l,l,p,g,l,a,g,p,s,g,e,m,v,k,s,t,t,s,l,t,s,s,s,t,s,g,s,s,d,k,v,y,a,h,q,m,v,r,t,d,s,r,e,q,k,l,d,a,f,l,q,p,l,s,k,p,l,s,s,q,p,q,a,i,v,t,e,d,k,t,d,i,s,s,g,r,a,r,q,q,d,e,e,m,l,e,l,p,a,p,a,e,v,a,a,k,n,q,s,l,e,g,d,t,t,k,g,t,s,e,m,s,e,k,r,g,p,t,s,s,n,p,r,k,r,h,r,e,d,s,d,v,e,m,v,e,d,d,s,r,k,e,m,t,a,a,c,t,p,r,r,r,i,i,n,l,t,s,v,l,s,l,q,e,e,i,n,e,q,g,h,e,v,l,r,e,m,l,h,n,h,s,f,v,g,c,v,n,p,q,w,a,l,a,q,h,q,t,k,l,y,l,l,n,t,t,k,l,s,e,e,l,f,y,q,i,l,i,y,d,f,a,n,f,g,v,l,r,l,s,e,p,a,p,l,f,d,l,a,m,l,a,l,d,s,p,e,s,g,w,t,e,e,d,g,p,k,e,g,l,a,e,y,i,v,e,f,l,k,k,k,a,e,m,l,a,d,y,f,s,l,e,i,d,e,e,g,n,l,i,g,l,p,l,l,i,d,n,y,v,p,p,l,e,g,l,p,i,f,i,l,r,l,a,t,e,v,n,w,d,e,e,k,e,c,f,e,s,l,s,k,e,c,a,m,f,y,s,i,r,k,q,y,i,s,e,e,s,t,l,s,g,q,q,s,e,v,p,g,s,i,p,n,s,w,k,w,t,v,e,h,i,v,y,k,a,l,r,s,h,i,l,p,p,k,h,f,t,e,d,g,n,i,l,q,l,a,n,l,p,d,l,y,k,v,f,e,r,c
,l,e,s,a,i,k,v,t,g,r,p,d,n,q,f,y,h,m,c,w
num,76,70,69,50,48,47,46,45,40,36,34,34,33,30,26,23,19,14,11,5
,m,r,l,q,f,a,s,p,t,v,c,g,n,k,d,i,e,y,w,h
0,1.0000,0.8160,0.4066,0.5219,0.5089,0.5644,0.6386,0.6490,0.5272,0.5756,0.7212,0.4399,0.5591,0.8040,0.9532,0.5660,0.9826,0.4407,0.2867,0.6117
1,0.7443,0.6660,0.3959,0.4984,0.3471,0.4869,0.5214,0.5702,0.5176,0.5303,0.5325,0.4180,0.4593,0.5606,0.8893,0.5564,0.7707,0.4374,0.2718,0.4188
2,0.5213,0.5967,0.3931,0.4983,0.3040,0.3990,0.5206,0.5260,0.4833,0.3881,0.4938,0.4034,0.4370,0.5581,0.8033,0.5538,0.7438,0.4374,0.2377,0.4110
m,e,d,d,r,k,d,d,e,m,e,e,c,r,p,s,h,r,r,v,p,r,i,a,r,k,r,n,r,k,i,i,d,r,i,i,e,r,c,i,v,t,r,p,k,i,r,q,s,m,s,i,t,p,r,i,f,i,k,i,e,k,q,q,c,q,i,q,q,i,i,r,r,a,i,i,p,t,e,q,i,p,r,i,r,k,i,i,i,e,i,e,i,p,r,r,i,i,m,r,i,d,r,i,r,m,i,i,r,e,d,i,c,n,i,r,i,e,t,i,i,e,k,p,e,e,k,i,k,q,q,e,e,r,r,i,e,q,q,i,i,r,i,e,i,e,y,g,e,k,r,y,y,n,e,i,q,r,q,t,s,i,q,r,r,i,k,e,y,e,r,i,r,e,e,i,t,c,k,e,k,e,i,e,q,e,k,k,e,e,t,r,q,p,h,i,e,i,g,d,d,e,s,k,e,k,e,k,q,k,t,y,c,q,p,h,q,t,t,t,r,t,y,e,k,e,e,l,k,k,y,q,q,m,e,e,r,k,e,e,e,q,h,g,p,c,e,m,k,e,k,t,p,y,k,k,a,q,y,k,q,e,q,l,e,p,l,e,e,y,e,e,e,d,e,y,v,p,s,t,t,e,y,c,e,k,e,y,e,d,p,g,q,p,e,y,g,y,e,k,l,e,l,d,e,p,e,q,q,k,p,m,e,t,t,k,y,d,k,k,k,e,d,e,p,l,h,e,c,p,k,m,e,k,k,k,e,d,y,n,t,d,d,v,e,l,k,k,e,l,q,n,n,m,k,p,l,k,p,l,y,y,n,p,t,k,n,y,v,d,l,t,t,k,m,l,h,p,d,l,p,d,h,t,d,y,k,d,t,a,t,d,h,l,n,a,t,t,n,p,d,p,h,g,g,f,y,p,d,n,m,t,p,h,l,n,n,c,d,h,d,n,p,d,p,d,g,a,p,n,p,m,g,g,h,l,t,t,l,n,n,t,n,g,y,g,q,p,a,h,n,d,h,n,l,t,l,g,t,t,l,h,n,s,t,h,d,v,h,s,t,c,l,t,t,s,l,d,n,a,l,n,v,n,l,t,l,g,l,s,l,t,v,l,l,v,l,g,l,l,m,v,n,h,s,n,l,n,l,n,n,t,g,t,l,l,t,l,l,f,l,g,l,v,s,l,l,l,g,t,f,l,l,l,t,l,l,s,a,l,s,g,l,f,g,l,n,n,g,s,g,l,d,n,l,l,l,f,l,s,h,a,w,l,l,l,g,g,g,s,f,t,v,l,l,g,l,s,l,g,s,g,a,a,g,l,l,f,g,f,l,v,g,g,v,a,a,a,a,n,a,f,s,g,w,l,a,g,f,v,v,l,a,s,l,a,g,v,l,v,l,l,f,v,v,v,v,a,v,s,g,s,s,a,f,v,v,a,s,s,a,v,s,l,f,a,l,s,d,l,f,a,v,s,v,g,l,s,v,v,s,s,g,v,f,f,v,f,a,a,a,a,v,f,s,v,s,s,s,a,v,a,s,f,s,a,a,w,a,a,s,v,s,s,s,a,v,f,s,s,v,v,v,a,s,a,s,s,g,v,v,s,a,v,f,f,s,a,g,s,s,s,s,a,s,w,f,s,s,a,s,v,s,a,s,a,a,f,s,v,s,s,s,s,a,v,f,s,a,s,a,w,s,a,s,s
1.0000,0.9826,0.9532,0.8893,0.8160,0.8040,0.8033,0.7851,0.7707,0.7443,0.7438,0.7286,0.7212,0.6660,0.6490,0.6386,0.6117,0.5967,0.5810,0.5756,0.5702,0.5672,0.5660,0.5644,0.5607,0.5606,0.5598,0.5591,0.5589,0.5581,0.5564,0.5538,0.5503,0.5462,0.5433,0.5407,0.5359,0.5351,0.5325,0.5308,0.5303,0.5272,0.5267,0.5260,0.5258,0.5235,0.5226,0.5219,0.5214,0.5213,0.5206,0.5176,0.5176,0.5113,0.5097,0.5095,0.5089,0.5067,0.5027,0.5021,0.5008,0.5005,0.4984,0.4983,0.4938,0.4931,0.4930,0.4922,0.4917,0.4908,0.4891,0.4888,0.4875,0.4869,0.4862,0.4837,0.4835,0.4833,0.4809,0.4772,0.4765,0.4758,0.4754,0.4744,0.4730,0.4730,0.4710,0.4693,0.4690,0.4689,0.4688,0.4687,0.4669,0.4661,0.4657,0.4654,0.4654,0.4653,0.4647,0.4647,0.4640,0.4640,0.4639,0.4627,0.4625,0.4624,0.4622,0.4621,0.4619,0.4617,0.4613,0.4613,0.4609,0.4593,0.4592,0.4586,0.4569,0.4560,0.4560,0.4555,0.4551,0.4547,0.4544,0.4544,0.4541,0.4538,0.4533,0.4521,0.4516,0.4508,0.4508,0.4505,0.4495,0.4486,0.4484,0.4467,0.4464,0.4464,0.4464,0.4457,0.4457,0.4449,0.4441,0.4434,0.4431,0.4424,0.4407,0.4399,0.4396,0.4389,0.4382,0.4374,0.4374,0.4370,0.4369,0.4368,0.4361,0.4358,0.4357,0.4344,0.4341,0.4341,0.4332,0.4313,0.4304,0.4301,0.4292,0.4290,0.4281,0.4277,0.4270,0.4262,0.4261,0.4259,0.4259,0.4255,0.4252,0.4243,0.4242,0.4241,0.4238,0.4232,0.4231,0.4229,0.4223,0.4223,0.4217,0.4207,0.4206,0.4204,0.4200,0.4199,0.4194,0.4191,0.4188,0.4188,0.4185,0.4183,0.4180,0.4175,0.4174,0.4169,0.4160,0.4160,0.4153,0.4148,0.4148,0.4139,0.4133,0.4133,0.4131,0.4126,0.4122,0.4120,0.4113,0.4110,0.4107,0.4105,0.4104,0.4096,0.4088,0.4082,0.4075,0.4074,0.4074,0.4072,0.4068,0.4066,0.4062,0.4058,0.4056,0.4052,0.4050,0.4050,0.4050,0.4047,0.4047,0.4041,0.4041,0.4039,0.4037,0.4036,0.4035,0.4034,0.4034,0.4031,0.4024,0.4023,0.4022,0.4009,0.4008,0.3999,0.3999,0.3997,0.3996,0.3995,0.3990,0.3980,0.3979,0.3975,0.3970,0.3967,0.3964,0.3959,0.3945,0.3940,0.3931,0.3924,0.3917,0.3917,0.3909,0.3905,0.3900,0.3895,0.3889,0.3884,0.3881,0.3881,0.3878,0.3878,0.3878,0.3877,0.3876,0.3872,0.3871,0.3869,0.3868,0.3866,0.3864,0.3862,0.3861,0.3860,0.3857,0.3856,0.3855,0.3854,0.3854,0.3852,0.3844,0.3842,0.3842,0.3833,0.3831,0.3830,0.3825,0.3824,0.3817,0.3812,0.3808,0.3800,0.3795,0.3792,0.3791,0.3787,0.3783,0.3783,0.3779,0.3768,0.3754,0.3751,0.3750,0.3748,0.3743,0.3731,0.3727,0.3726,0.3726,0.3723,0.3722,0.3718,0.3712,0.3710,0.3705,0.3705,0.3703,0.3701,0.3700,0.3697,0.3689,0.3683,0.3681,0.3681,0.3679,0.3678,0.3678,0.3677,0.3676,0.3665,0.3657,0.3657,0.3656,0.3655,0.3654,0.3647,0.3645,0.3645,0.3640,0.3638,0.3633,0.3632,0.3632,0.3630,0.3626,0.3623,0.3622,0.3621,0.3615,0.3614,0.3614,0.3614,0.3606,0.3605,0.3592,0.3588,0.3586,0.3584,0.3575,0.3573,0.3572,0.3564,0.3559,0.3555,0.3553,0.3551,0.3551,0.3546,0.3543,0.3528,0.3527,0.3525,0.3522,0.3519,0.3514,0.3513,0.3513,0.3504,0.3503,0.3501,0.3499,0.3494,0.3490,0.3488,0.3479,0.3474,0.3471,0.3471,0.3467,0.3466,0.3465,0.3465,0.3457,0.3450,0.3445,0.3440,0.3431,0.3427,0.3425,0.3424,0.3422,0.3420,0.3418,0.3416,0.3415,0.3412,0.3411,0.3411,0.3410,0.3406,0.3402,0.3396,0.3389,0.3385,0.3366,0.3366,0.3362,0.3359,0.3357,0.3351,0.3350,0.3347,0.3343,0.3339,0.3337,0.3325,0.3324,0.3323,0.3322,0.3319,0.3318,0.3316,0.3314,0.3310,0.3309,0.3307,0.3306,0.3304,0.3299,0.3295,0.3292,0.3291,0.3288,0.3283,0.3282,0.3281,0.3248,0.3234,0.3233,0.3219,0.3216,0.3213,0.3209,0.3206,0.3201,0.3192,0.3190,0.3189,0.3185,0.3176,0.3172,0.3171,0.3169,0.3167,0.3165,0.3163,0.3161,0.3160,0.3160,0.3159,0.3159,0.3154,0.3149,0.3147,0.3142,0.3141,0.3134,0.3125,0.3113,0.3107,0.3107,0.3103,0.3101,0.3099,0.3097,0.3094,0.3094,0.3087,0.3085,0.3084,0.3082,0.3081,0.3080,0.3079,0.3071,0.3060,0.3058,0.3053,0.3050,0.3046,0.3045,0.3040,0.3038,0.3036,0.3035,0.3033,0.3033,0.3029,0.3022,0.3021,0.3020,0.3020,0.3017,0.3016,0.3009,0.2993,0.2992,0.2990,0.2989,0.2988,0.2986,0.2978,0.2975,0.2975,0.2972,0.2966,0.2961,0.2955,0.2954,0.2946,0.2935,0.2931,0.2929,0.2928,0.2919,0.2914,0.2910,0.2890,0.2882,0.2880,0.2880,0.2879,0.2876,0.2874,0.2867,0.2863,0.2857,0.2855,0.2854,0.2843,0.2835,0.2830,0.2829,0.2829,0.2815,0.2810,0.2809,0.2803,0.2803,0.2796,0.2795,0.2789,0.2786,0.2779,0.2778,0.2777,0.2773,0.2772,0.2772,0.2768,0.2764,0.2754,0.2746,0.2744,0.2744,0.2742,0.2740,0.2740,0.2737,0.2734,0.2731,0.2729,0.2728,0.2723,0.2721,0.2720,0.2718,0.2718,0.2715,0.2712,0.2708,0.2706,0.2699,0.2689,0.2685,0.2677,0.2675,0.2675,0.2675,0.2674,0.2672,0.2669,0.2668,0.2664,0.2661,0.2658,0.2655,0.2654,0.2652,0.2647,0.2637,0.2618,0.2604,0.2601,0.2599,0.2597,0.2591,0.2591,0.2591,0.2589,0.2587,0.2580,0.2573,0.2573,0.2569,0.2569,0.2568,0.2563,0.2562,0.2561,0.2556,0.2555,0.2553,0.2552,0.2529,0.2529,0.2524,0.2520,0.2519,0.2516,0.2516,0.2513,0.2505,0.2503,0.2499,0.2498,0.2498,0.2494,0.2492,0.2492,0.2491,0.2485,0.2484,0.2478,0.2466,0.2464,0.2463,0.2455,0.2436,0.2427,0.2426,0.2426,0.2422,0.2420,0.2408,0.2404,0.2400,0.2395,0.2388,0.2377,0.2364,0.2357,0.2355,0.2350,0.2338,0.2333,0.2323,0.2318,0.2313,0.2306,0.2298,0.2298,0.2291,0.2285,0.2269,0.2262,0.2257,0.2250,0.2246,0.2241,0.2239,0.2233,0.2228,0.2223,0.2214,0.2207,0.2203,0.2202,0.2186,0.2177,0.2174,0.2169,0.2168,0.2165,0.2151,0.2148,0.2144,0.2132,0.2126,0.2124,0.2123,0.2122,0.2108,0.2105,0.2103,0.2098,0.2094,0.2089,0.2008,0.1995,0.1994,0.1985,0.1981,0.1980,0.1978,0.1969,0.1916,0.1861,0.1851,0.1837,0.1833,0.1793,0.1786,0.1728,0.1646,0.1615,0.1528,0.1046
m,s,l,q,c,s,s,r,s,l,c,r,g,g,g,g,s,r,n,f,s,s,g,s,a,g,l,v,s,f,q,r,r,s,t,s,s,s,m,r,r,s,g,g,g,g,g,g,r,f,s,g,g,g,f,c,g,s,s,g,s,g,f,g,s,k,s,l,m,n,l,g,g,g,r,s,i,s,k,s,v,a,g,g,g,g,s,f,c,g,g,f,g,g,g,s,y,g,g,g,g,f,g,g,g,s,y,g,g,g,g,f,g,g,g,s,f,g,g,g,g,f,g,g,s,g,f,g,g,g,l,g,g,g,g,g,f,g,s,g,g,g,f,g,g,g,r,f,g,s,m,g,p,v,c,p,p,g,g,i,q,e,v,t,i,n,q,s,l,l,q,p,l,n,v,e,v,d,p,q,i,q,k,v,k,s,q,e,r,e,q,i,k,s,l,n,d,k,f,a,s,f,i,d,k,v,r,f,l,e,q,q,n,q,v,l,q,t,k,w,e,l,l,q,q,v,d,t,t,t,r,t,q,n,l,d,p,f,f,e,n,y,i,s,i,l,r,r,k,v,d,s,l,k,s,d,q,s,r,m,d,s,e,l,k,n,m,q,d,l,v,e,e,y,r,t,k,y,e,d,e,i,n,k,r,t,n,a,e,n,e,f,v,t,i,k,k,d,v,d,s,a,y,m,t,k,v,e,l,q,a,k,a,d,a,l,q,q,d,i,d,f,f,s,a,l,y,q,m,e,m,s,q,m,q,t,q,i,s,e,t,n,v,v,l,s,m,d,n,n,r,s,l,d,l,d,g,i,i,s,e,v,k,a,q,y,d,s,i,c,q,r,s,k,a,e,a,e,t,f,y,q,s,k,y,e,e,l,q,i,t,a,g,k,h,g,d,s,v,r,n,t,k,m,e,i,s,e,l,n,r,m,i,q,r,l,r,s,e,i,d,g,c,k,k,q,i,s,q,i,q,q,n,i,n,d,a,e,q,r,g,e,k,a,l,k,d,a,q,n,k,l,n,e,i,e,d,a,l,s,q,c,k,e,d,l,a,r,l,l,r,d,f,q,e,l,m,n,t,k,l,a,l,d,m,e,i,a,t,y,k,k,l,l,e,g,e,e,i,r,m,s,g,e,c,t,p,n,v,s,v,s,v,s,t,s,h,t,s,m,s,g,s,s,s,r,g,g,g,s,g,g,g,r,y,g,g,g,g,s,y,g,g,g,s,g,g,g,s,y,g,g,s,s,g,g,g,g,s,g,g,s,y,g,g,g,s,g,g,g,s,y,g,g,g,s,g,g,g,s,s,g,s,h,r,g,g,s,g,g,g,g,g,s,s,g,g,s,y,g,g,s,s,g,g,g,r,g,g,s,s,s,g,g,g,g,v,k,s,s,g,s,s,t,v,k,f,v,s,t,s,y,s,r,g,t,k
,g,s,l,q,e,k,r,d,f,v,i,t,n,a,y,m,c,p,h,w
num,138,94,39,38,36,34,33,27,26,25,25,24,23,20,18,17,9,7,3,1
,m,r,l,q,f,a,s,p,t,v,c,g,n,k,d,i,e,y,w,h
0,0.9245,1.0000,0.8114,0.6903,0.6246,0.4859,0.7406,0.4913,0.7018,0.5642,0.7741,0.9493,0.6896,0.7824,0.4886,0.5885,0.5702,0.9298,0.4753,0.9059
1,0.8423,0.9608,0.6701,0.6580,0.6143,0.3806,0.6788,0.4764,0.6380,0.5191,0.6724,0.9235,0.4485,0.6003,0.4852,0.5529,0.5251,0.9134,-1.0000,0.4827
2,0.6642,0.9490,0.6221,0.6179,0.6129,0.3720,0.6715,0.4687,0.5968,0.4950,0.5974,0.9062,0.4391,0.5849,0.4795,0.5507,0.5235,0.8786,-1.0000,0.3838
r,r,g,r,r,y,m,g,y,g,h,g,g,y,g,g,r,g,g,r,y,m,g,g,g,g,g,g,g,g,g,l,r,g,g,g,g,g,g,g,g,g,g,g,g,k,r,g,r,g,c,g,g,g,y,g,y,g,g,g,s,g,g,g,g,r,g,g,g,g,g,g,g,g,g,g,t,g,y,g,g,g,q,n,g,r,g,s,g,g,c,g,s,g,g,l,g,m,m,g,g,y,q,g,g,g,g,g,g,g,g,t,g,s,g,g,g,g,r,g,f,g,r,l,g,g,q,g,q,g,f,f,g,r,g,q,g,g,g,f,s,m,g,k,g,f,f,g,c,s,s,t,l,l,q,i,f,s,y,k,g,q,g,s,f,q,f,f,s,g,e,g,g,f,g,c,v,s,t,s,q,g,s,s,s,s,s,c,i,g,s,g,s,s,s,i,s,s,q,s,s,r,q,f,s,s,g,g,i,i,t,s,i,s,k,s,s,g,g,i,i,g,t,e,k,y,i,i,g,i,t,e,k,g,i,q,i,i,k,q,v,g,g,s,f,f,y,g,r,m,i,k,g,g,r,s,f,i,r,g,q,r,q,q,r,l,s,g,i,s,k,c,i,q,i,q,k,v,g,s,i,g,s,p,e,q,s,y,k,k,g,q,s,i,d,i,e,k,i,t,r,a,s,k,s,k,d,k,q,q,m,q,k,y,q,q,c,g,r,h,k,i,r,i,e,v,s,r,t,q,v,e,d,s,s,e,e,q,m,q,e,p,q,q,r,w,s,s,e,g,y,k,e,s,y,q,q,e,m,p,t,q,m,s,m,q,g,d,m,q,e,y,e,q,k,e,s,p,r,g,p,e,e,g,r,s,l,r,e,e,l,s,t,s,t,e,r,p,d,e,s,t,e,r,e,g,e,d,k,e,m,d,d,s,r,e,f,g,y,l,m,m,n,y,l,l,r,r,s,t,g,e,q,s,e,d,s,e,k,v,k,s,g,n,n,k,q,d,e,e,d,t,l,p,l,d,g,s,d,e,m,e,d,k,m,g,s,l,k,k,k,d,d,k,d,e,d,v,d,s,d,k,c,n,v,d,d,k,e,d,n,t,t,s,f,t,l,d,n,f,k,l,l,k,t,n,l,n,l,k,l,v,n,t,v,c,n,l,n,n,d,l,s,s,l,l,g,g,l,d,s,t,d,t,l,n,n,l,f,l,g,l,h,t,s,l,a,l,g,l,n,v,l,n,g,s,f,n,t,l,l,a,n,l,n,n,f,g,n,v,s,v,l,g,l,a,s,a,s,s,n,l,v,a,s,v,s,v,f,v,a,s,v,a,v,s,v,s,s,s,s,a,v,s,a,s,v,f,a,s,s,f,v,s,f,v,a,a,a,s,v,s,s,a,s,s,f,s,a,a,a,a,s,a,s,s,s
1.0000,0.9608,0.9493,0.9490,0.9404,0.9298,0.9245,0.9235,0.9134,0.9062,0.9059,0.8904,0.8893,0.8786,0.8712,0.8661,0.8644,0.8594,0.8554,0.8492,0.8452,0.8423,0.8400,0.8350,0.8327,0.8274,0.8218,0.8203,0.8142,0.8136,0.8123,0.8114,0.8092,0.8037,0.8014,0.8002,0.7994,0.7989,0.7966,0.7963,0.7899,0.7896,0.7884,0.7882,0.7870,0.7824,0.7816,0.7793,0.7774,0.7747,0.7741,0.7734,0.7684,0.7654,0.7610,0.7602,0.7564,0.7549,0.7506,0.7418,0.7406,0.7371,0.7370,0.7271,0.7265,0.7220,0.7215,0.7178,0.7155,0.7130,0.7102,0.7092,0.7077,0.7042,0.7040,0.7022,0.7018,0.7006,0.6990,0.6983,0.6949,0.6927,0.6903,0.6896,0.6810,0.6793,0.6790,0.6788,0.6780,0.6766,0.6724,0.6717,0.6715,0.6711,0.6703,0.6701,0.6661,0.6642,0.6631,0.6619,0.6603,0.6583,0.6580,0.6560,0.6538,0.6515,0.6496,0.6447,0.6405,0.6401,0.6392,0.6380,0.6378,0.6371,0.6365,0.6362,0.6333,0.6310,0.6295,0.6257,0.6246,0.6245,0.6230,0.6221,0.6211,0.6207,0.6179,0.6173,0.6165,0.6159,0.6143,0.6129,0.6115,0.6114,0.6099,0.6084,0.6080,0.6062,0.6059,0.6038,0.6030,0.6024,0.6005,0.6003,0.5994,0.5990,0.5987,0.5979,0.5974,0.5973,0.5970,0.5968,0.5956,0.5904,0.5889,0.5885,0.5874,0.5860,0.5852,0.5849,0.5842,0.5772,0.5760,0.5755,0.5751,0.5746,0.5740,0.5735,0.5714,0.5710,0.5702,0.5688,0.5683,0.5681,0.5678,0.5665,0.5642,0.5635,0.5632,0.5619,0.5611,0.5608,0.5599,0.5589,0.5583,0.5562,0.5549,0.5546,0.5529,0.5522,0.5518,0.5518,0.5516,0.5510,0.5509,0.5507,0.5497,0.5487,0.5465,0.5447,0.5447,0.5439,0.5434,0.5431,0.5423,0.5421,0.5400,0.5398,0.5375,0.5371,0.5356,0.5346,0.5343,0.5333,0.5328,0.5324,0.5304,0.5303,0.5303,0.5285,0.5274,0.5273,0.5259,0.5251,0.5251,0.5250,0.5249,0.5244,0.5239,0.5238,0.5237,0.5235,0.5235,0.5229,0.5224,0.5218,0.5208,0.5203,0.5195,0.5193,0.5191,0.5184,0.5178,0.5163,0.5143,0.5140,0.5137,0.5134,0.5129,0.5100,0.5092,0.5083,0.5082,0.5070,0.5065,0.5063,0.5040,0.5038,0.5036,0.5025,0.5022,0.5021,0.5018,0.5000,0.4994,0.4991,0.4986,0.4986,0.4980,0.4979,0.4973,0.4973,0.4967,0.4960,0.4959,0.4959,0.4950,0.4950,0.4944,0.4942,0.4942,0.4932,0.4931,0.4913,0.4908,0.4907,0.4904,0.4902,0.4900,0.4900,0.4898,0.4896,0.4896,0.4893,0.4886,0.4883,0.4883,0.4874,0.4873,0.4873,0.4863,0.4859,0.4859,0.4857,0.4855,0.4853,0.4852,0.4851,0.4851,0.4850,0.4844,0.4843,0.4835,0.4834,0.4834,0.4830,0.4829,0.4829,0.4827,0.4827,0.4824,0.4824,0.4821,0.4820,0.4813,0.4810,0.4809,0.4805,0.4800,0.4800,0.4797,0.4795,0.4795,0.4791,0.4790,0.4785,0.4784,0.4773,0.4766,0.4766,0.4766,0.4764,0.4760,0.4755,0.4754,0.4753,0.4752,0.4736,0.4735,0.4730,0.4730,0.4726,0.4724,0.4723,0.4701,0.4698,0.4697,0.4696,0.4690,0.4687,0.4685,0.4684,0.4667,0.4666,0.4665,0.4655,0.4653,0.4640,0.4634,0.4633,0.4631,0.4629,0.4624,0.4622,0.4613,0.4612,0.4612,0.4609,0.4607,0.4606,0.4606,0.4602,0.4600,0.4600,0.4598,0.4598,0.4597,0.4597,0.4595,0.4594,0.4593,0.4591,0.4590,0.4589,0.4582,0.4579,0.4578,0.4575,0.4570,0.4567,0.4563,0.4561,0.4553,0.4548,0.4535,0.4531,0.4524,0.4519,0.4515,0.4515,0.4504,0.4504,0.4504,0.4500,0.4497,0.4496,0.4493,0.4490,0.4490,0.4490,0.4487,0.4486,0.4485,0.4482,0.4479,0.4468,0.4465,0.4460,0.4452,0.4448,0.4438,0.4431,0.4429,0.4422,0.4421,0.4420,0.4417,0.4416,0.4409,0.4401,0.4398,0.4396,0.4392,0.4391,0.4387,0.4385,0.4384,0.4384,0.4381,0.4379,0.4377,0.4370,0.4366,0.4366,0.4365,0.4365,0.4364,0.4362,0.4355,0.4350,0.4350,0.4341,0.4340,0.4336,0.4329,0.4313,0.4302,0.4300,0.4294,0.4288,0.4286,0.4286,0.4274,0.4272,0.4270,0.4266,0.4254,0.4253,0.4253,0.4246,0.4239,0.4227,0.4222,0.4217,0.4214,0.4212,0.4191,0.4164,0.4158,0.4157,0.4150,0.4140,0.4139,0.4081,0.4062,0.4044,0.4042,0.4036,0.4033,0.4032,0.4031,0.4022,0.4021,0.4017,0.4016,0.4012,0.4007,0.4005,0.4002,0.3990,0.3987,0.3983,0.3971,0.3966,0.3965,0.3962,0.3950,0.3946,0.3946,0.3944,0.3942,0.3939,0.3933,0.3929,0.3927,0.3912,0.3907,0.3905,0.3888,0.3884,0.3883,0.3881,0.3879,0.3879,0.3876,0.3866,0.3863,0.3861,0.3861,0.3860,0.3849,0.3839,0.3838,0.3825,0.3822,0.3807,0.3806,0.3803,0.3803,0.3799,0.3796,0.3776,0.3768,0.3763,0.3758,0.3756,0.3750,0.3744,0.3739,0.3732,0.3729,0.3720,0.3716,0.3710,0.3701,0.3685,0.3685,0.3682,0.3675,0.3671,0.3654,0.3640,0.3630,0.3622,0.3615,0.3614,0.3594,0.3588,0.3583,0.3582,0.3575,0.3575,0.3562,0.3559,0.3553,0.3550,0.3549,0.3543,0.3543,0.3540,0.3540,0.3539,0.3533,0.3521,0.3520,0.3508,0.3491,0.3479,0.3478,0.3478,0.3468,0.3463,0.3463,0.3463,0.3450,0.3449,0.3435,0.3420,0.3420,0.3409,0.3403,0.3402,0.3395,0.3388,0.3386,0.3383,0.3377,0.3358,0.3354,0.3352,0.3345,0.3342,0.3337,0.3310,0.3265,0.3262,0.3236,0.3231,0.3218,0.3205,0.3195,0.3176,0.3097,0.3094,0.3069,0.3000,0.2871
m,a,a,d,s,d,d,g,a,v,s,a,p,a,a,s,d,g,g,v,s,k,s,t,t,s,g,e,e,l,v,v,q,v,p,v,v,d,v,q,s,n,n,f,k,e,m,w,p,s,l,l,l,a,i,k,t,a,n,f,v,a,v,d,t,e,l,s,g,l,g,d,r,k,s,l,l,n,q,c,i,e,e,r,y,k,a,v,c,h,a,a,r,t,r,s,i,l,s,l,g,l,a,c,f,k,r,q,p,d,k,g,e,h,s,y,l,a,q,v,f,n,l,t,l,l,c,m,e,e,y,v,i,e,p,k,s,v,q,f,l,i,q,h,g,f,n,f,n,q,q,y,a,q,g,i,p,y,h,k,g,n,d,k,g,d,e,s,q,s,q,s,v,r,t,l,f,l,e,l,i,r,a,r,r,p,l,v,l,h,n,g,l,i,d,l,v,f,l,y,q,n,f,y,a,h,l,p,e,s,l,g,t,f,t,a,d,l,c,e,m,f,p,a,g,i,y,d,t,k,y,a,a,e,f,h,a,r,f,v,a,s,y,l,e,y,a,f,r,k,c,e,r,e,n,g,k,q,r,a,a,g,s,p,h,l,t,l,e,f,c,n,y,p,s,s,m,r,d,h,i,d,y,r,c,c,l,p,p,a,t,h,r,p,h,p,t,s,i,c,d,n,f,s,a,y,g,w,c,p,l,g,p,q,c,p,q,s,h,d,i,d,l,i,i,d,t,d,e,a,a,a,e,d,k,r,r,r,r,r,r,r,e,k,r,k,r,a,l,l,n,l,p,g,t,q,t,s,g,e,a,k,d,g,p,p,k,k,q,v,c,g,d,s,i,k,p,e,e,t,e,q,e,v,a,a,d,e,t,r,n,l,p,h,s,k,q,g,n,k,n,d,l,e,m,g,i,k,a,a,r,p,e,i,a,d,r,a,t,s,e,v,p,g,s,q,a,s,p,n,p,v,p,g,d,g,l,h,r,a,g,f,d,a,f,m,t,g,y,v,m,a,y,v,e,v,s,q,g,p,q,p,c,s,s,g,p,w,l,p,e,c,h,n,k,v,y,l,s,g,k,a,v,p,l,t,v,a,k,s,q,f,s,r,s,s,k,a,h,n,q,k,m,k,l,t,w,g,s,s
,a,l,s,g,p,e,r,k,v,d,q,t,f,n,i,y,h,c,m,w
num,46,43,41,34,33,33,30,29,28,28,25,22,20,20,17,17,16,15,9,4
,m,r,l,q,f,a,s,p,t,v,c,g,n,k,d,i,e,y,w,h
0,0.8831,0.6476,0.4405,0.5806,0.3537,1.0000,0.5935,0.6641,0.5722,0.4795,0.5339,0.6846,0.4638,0.6639,0.9350,0.7296,0.6113,0.4777,0.5490,0.4273
1,0.5251,0.6290,0.4326,0.5742,0.3025,0.7768,0.5374,0.6377,0.5308,0.2888,0.4881,0.6761,0.4275,0.6495,0.8366,0.6928,0.5458,0.4541,0.3316,0.4266
2,0.5042,0.6089,0.3899,0.5642,0.2989,0.6702,0.5151,0.6126,0.4692,0.2742,0.4697,0.5236,0.3499,0.6476,0.6560,0.5851,0.5165,0.4513,0.2325,0.4168
a,d,m,d,a,i,i,g,g,a,p,k,d,d,k,r,k,d,p,r,p,k,e,r,s,i,q,a,q,t,d,q,a,i,r,a,w,r,e,q,i,s,i,k,c,r,t,q,m,g,p,k,p,k,e,s,r,i,q,i,m,g,r,e,i,k,q,i,c,r,k,k,k,i,v,r,y,d,r,e,e,r,c,q,t,c,d,e,r,c,c,i,n,i,m,r,r,i,y,c,e,y,k,p,q,r,q,m,k,r,e,i,p,l,r,y,p,y,q,i,e,r,q,t,c,e,l,p,p,q,e,q,n,h,h,a,k,e,p,k,r,p,q,q,k,h,e,e,c,e,p,r,i,k,y,q,q,c,y,s,y,y,t,p,e,p,e,t,c,e,k,q,y,e,p,y,r,d,e,q,r,p,q,y,h,h,e,l,e,m,r,p,t,c,y,p,p,k,k,r,p,l,s,d,p,k,k,t,p,l,p,r,l,y,h,l,d,d,k,q,r,s,q,t,p,y,k,p,h,k,e,k,e,d,t,y,f,p,t,m,g,c,e,y,n,k,t,l,c,e,q,e,h,r,e,r,k,k,p,p,l,g,g,d,r,l,p,e,d,t,p,p,t,n,e,e,w,h,h,d,l,l,g,p,g,g,n,l,g,d,l,n,d,d,n,n,g,g,l,s,g,e,t,g,l,n,q,l,h,n,g,l,l,d,g,d,c,d,s,s,l,m,d,l,n,a,n,l,d,h,f,d,a,n,t,l,a,l,l,f,l,l,g,l,f,l,l,d,a,n,s,l,n,n,t,l,s,f,s,l,g,g,l,v,s,m,f,t,f,f,n,t,a,t,s,s,n,f,f,a,d,g,g,v,l,s,d,l,g,v,g,s,f,g,f,g,l,s,h,a,s,n,t,h,l,v,h,a,n,s,a,a,f,l,h,t,a,a,l,s,f,g,g,f,a,g,f,v,v,l,v,v,s,g,g,s,v,s,w,a,v,f,v,s,s,v,f,g,s,f,l,v,v,s,a,l,v,a,v,s,s,f,v,a,s,a,g,v,v,v,a,v,g,a,s,v,a,s,v,a,w,s,a,v,a,s,a,a,a,s,v,a,v,v,s,a,s,a,s,a,a,a,a,a,a,s,a,a,a,s
1.0000,0.9350,0.8831,0.8366,0.7768,0.7296,0.6928,0.6846,0.6761,0.6702,0.6641,0.6639,0.6560,0.6515,0.6495,0.6476,0.6476,0.6431,0.6377,0.6290,0.6126,0.6119,0.6113,0.6089,0.5935,0.5851,0.5806,0.5772,0.5742,0.5722,0.5676,0.5642,0.5591,0.5524,0.5494,0.5491,0.5490,0.5466,0.5458,0.5444,0.5441,0.5374,0.5346,0.5341,0.5339,0.5337,0.5308,0.5269,0.5251,0.5236,0.5234,0.5220,0.5213,0.5211,0.5165,0.5151,0.5140,0.5128,0.5121,0.5062,0.5042,0.5025,0.4997,0.4991,0.4958,0.4936,0.4932,0.4912,0.4881,0.4874,0.4839,0.4831,0.4827,0.4818,0.4795,0.4779,0.4777,0.4771,0.4762,0.4727,0.4722,0.4722,0.4697,0.4694,0.4692,0.4666,0.4663,0.4654,0.4646,0.4646,0.4644,0.4642,0.4638,0.4600,0.4589,0.4587,0.4583,0.4566,0.4541,0.4533,0.4525,0.4513,0.4507,0.4483,0.4467,0.4465,0.4457,0.4454,0.4450,0.4441,0.4424,0.4419,0.4417,0.4405,0.4403,0.4395,0.4394,0.4390,0.4385,0.4381,0.4378,0.4374,0.4363,0.4363,0.4357,0.4344,0.4326,0.4320,0.4302,0.4298,0.4295,0.4285,0.4275,0.4273,0.4266,0.4255,0.4247,0.4246,0.4242,0.4207,0.4207,0.4196,0.4195,0.4190,0.4180,0.4168,0.4162,0.4161,0.4157,0.4157,0.4144,0.4137,0.4136,0.4130,0.4128,0.4113,0.4113,0.4097,0.4093,0.4090,0.4086,0.4081,0.4077,0.4071,0.4071,0.4047,0.4044,0.4031,0.4022,0.4020,0.4019,0.4014,0.4002,0.3990,0.3979,0.3966,0.3963,0.3961,0.3949,0.3937,0.3936,0.3934,0.3927,0.3922,0.3916,0.3913,0.3904,0.3899,0.3883,0.3877,0.3872,0.3870,0.3861,0.3861,0.3859,0.3857,0.3856,0.3848,0.3840,0.3832,0.3832,0.3830,0.3828,0.3807,0.3795,0.3792,0.3784,0.3762,0.3731,0.3726,0.3724,0.3716,0.3700,0.3689,0.3683,0.3675,0.3673,0.3672,0.3671,0.3658,0.3652,0.3649,0.3625,0.3621,0.3614,0.3604,0.3603,0.3597,0.3577,0.3575,0.3571,0.3567,0.3565,0.3559,0.3551,0.3546,0.3537,0.3528,0.3523,0.3520,0.3516,0.3510,0.3503,0.3500,0.3499,0.3498,0.3492,0.3479,0.3475,0.3471,0.3460,0.3453,0.3442,0.3441,0.3438,0.3436,0.3423,0.3418,0.3411,0.3410,0.3409,0.3404,0.3396,0.3387,0.3381,0.3374,0.3356,0.3355,0.3350,0.3347,0.3345,0.3341,0.3340,0.3329,0.3323,0.3317,0.3316,0.3311,0.3302,0.3298,0.3282,0.3272,0.3271,0.3266,0.3264,0.3264,0.3258,0.3248,0.3245,0.3245,0.3220,0.3214,0.3204,0.3203,0.3200,0.3196,0.3175,0.3174,0.3168,0.3163,0.3162,0.3161,0.3160,0.3156,0.3153,0.3144,0.3141,0.3131,0.3118,0.3118,0.3114,0.3110,0.3096,0.3094,0.3091,0.3090,0.3089,0.3087,0.3084,0.3082,0.3070,0.3063,0.3061,0.3057,0.3057,0.3052,0.3046,0.3042,0.3032,0.3026,0.3025,0.3025,0.3023,0.3017,0.3015,0.3012,0.3006,0.2992,0.2990,0.2989,0.2986,0.2981,0.2977,0.2974,0.2965,0.2959,0.2958,0.2956,0.2953,0.2953,0.2952,0.2949,0.2947,0.2946,0.2939,0.2923,0.2923,0.2919,0.2907,0.2903,0.2901,0.2900,0.2890,0.2888,0.2879,0.2873,0.2865,0.2853,0.2833,0.2830,0.2826,0.2822,0.2803,0.2799,0.2790,0.2789,0.2777,0.2771,0.2771,0.2768,0.2759,0.2756,0.2749,0.2742,0.2742,0.2729,0.2710,0.2707,0.2699,0.2681,0.2673,0.2667,0.2661,0.2660,0.2659,0.2657,0.2656,0.2653,0.2640,0.2636,0.2633,0.2632,0.2622,0.2610,0.2601,0.2594,0.2561,0.2557,0.2547,0.2542,0.2531,0.2525,0.2524,0.2515,0.2506,0.2495,0.2485,0.2482,0.2471,0.2462,0.2462,0.2454,0.2430,0.2429,0.2421,0.2414,0.2407,0.2400,0.2398,0.2397,0.2396,0.2382,0.2368,0.2344,0.2341,0.2334,0.2334,0.2333,0.2325,0.2311,0.2306,0.2296,0.2283,0.2274,0.2264,0.2263,0.2263,0.2251,0.2249,0.2247,0.2235,0.2232,0.2227,0.2212,0.2195,0.2190,0.2181,0.2175,0.2173,0.2172,0.2164,0.2162,0.2155,0.2153,0.2103,0.2102,0.2096,0.2089,0.2062,0.2061,0.2027,0.2025,0.2021,0.2019,0.2016,0.1993,0.1981,0.1979,0.1943,0.1939,0.1924,0.1921,0.1860,0.1844,0.1829,0.1807,0.1797,0.1785,0.1727,0.1719,0.1681,0.1678,0.1664,0.1658,0.1642,0.1641,0.1609,0.1564,0.1546,0.1513,0.1491,0.1461,0.1452,0.1406,0.1365,0.1361,0.1318,0.1306,0.1247,0.1138
