y_true,y_score
1,0.9981
0,0.0168
1,0.9981
1,0.9990
1,0.9996
1,0.9999
1,0.9952
1,0.9992
0,0.0062
1,0.9788
1,0.9994
1,0.9971
1,0.9993
0,0.0026
0,0.0012
1,0.9915
0,0.0080
0,0.0012
1,0.9999
0,0.0219
1,0.9999
1,0.0015
0,0.6957
0,0.0060
0,0.0082
0,0.0051
0,0.0025
0,0.0043
0,0.0023
1,0.0849
0,0.0014
0,0.0026
1,0.9981
0,0.0168
1,0.9981
1,0.9990
1,0.9996
1,0.9999
1,0.9952
1,0.9992
0,0.0062
1,0.9788
1,0.9994
1,0.9971
1,0.9993
0,0.0026
0,0.0012
1,0.9915
0,0.0080
0,0.0012
1,0.9999
0,0.0219
1,0.9999
1,0.0015
0,0.6957
0,0.0060
0,0.0082
0,0.0051
0,0.0025
0,0.0043
0,0.0023
1,0.0849
0,0.0014
0,0.0026
1,0.9994
1,0.9981
1,0.9805
0,0.0013
0,0.0012
0,0.0148
1,0.9998
0,0.0066
1,0.9995
0,0.0012
0,0.0007
0,0.0033
1,0.9978
1,0.9998
1,0.9999
1,0.9999
0,0.0007
0,0.0008
